[{"model": "admin.logentry", "pk": 1, "fields": {"action_time": "2020-11-30T21:08:03.474Z", "user": 1, "content_type": 8, "object_id": "1", "object_repr": "5b40c0c0b6414fe0be250d5416294177dbf2b32f", "action_flag": 1, "change_message": "[{\"added\": {}}]"}}, {"model": "admin.logentry", "pk": 2, "fields": {"action_time": "2020-12-09T09:38:26.654Z", "user": 1, "content_type": 4, "object_id": "2", "object_repr": "user123", "action_flag": 1, "change_message": "[{\"added\": {}}]"}}, {"model": "admin.logentry", "pk": 3, "fields": {"action_time": "2020-12-09T09:38:46.805Z", "user": 1, "content_type": 8, "object_id": "2", "object_repr": "e69681c58dd6b1364df56699297e80cbf77a3700", "action_flag": 1, "change_message": "[{\"added\": {}}]"}}, {"model": "admin.logentry", "pk": 4, "fields": {"action_time": "2020-12-14T11:17:37.876Z", "user": 1, "content_type": 9, "object_id": "4", "object_repr": "Товар1", "action_flag": 1, "change_message": "[{\"added\": {}}]"}}, {"model": "admin.logentry", "pk": 5, "fields": {"action_time": "2020-12-14T12:06:22.595Z", "user": 1, "content_type": 11, "object_id": "21", "object_repr": "Заказ № 21 на сумму 52500.00", "action_flag": 2, "change_message": "[{\"changed\": {\"fields\": [\"\\u0421\\u0442\\u0430\\u0442\\u0443\\u0441 \\u0437\\u0430\\u043a\\u0430\\u0437\\u0430\"]}}]"}}, {"model": "admin.logentry", "pk": 6, "fields": {"action_time": "2020-12-14T20:26:47.026Z", "user": 1, "content_type": 4, "object_id": "3", "object_repr": "admin777", "action_flag": 1, "change_message": "[{\"added\": {}}]"}}, {"model": "admin.logentry", "pk": 7, "fields": {"action_time": "2020-12-14T20:26:52.844Z", "user": 1, "content_type": 4, "object_id": "3", "object_repr": "admin777", "action_flag": 2, "change_message": "[]"}}, {"model": "admin.logentry", "pk": 8, "fields": {"action_time": "2020-12-14T20:28:24.730Z", "user": 1, "content_type": 8, "object_id": "3", "object_repr": "522f41ec2ba850fa307cf70d2b9cb88294657f5e", "action_flag": 1, "change_message": "[{\"added\": {}}]"}}, {"model": "admin.logentry", "pk": 9, "fields": {"action_time": "2020-12-14T20:30:23.870Z", "user": 1, "content_type": 4, "object_id": "3", "object_repr": "admin777", "action_flag": 2, "change_message": "[]"}}, {"model": "admin.logentry", "pk": 10, "fields": {"action_time": "2020-12-14T20:32:08.904Z", "user": 1, "content_type": 4, "object_id": "3", "object_repr": "admin777", "action_flag": 2, "change_message": "[{\"changed\": {\"fields\": [\"password\"]}}]"}}, {"model": "admin.logentry", "pk": 11, "fields": {"action_time": "2020-12-14T20:34:23.460Z", "user": 1, "content_type": 11, "object_id": "22", "object_repr": "Заказ № 22 на сумму 1200", "action_flag": 1, "change_message": "[{\"added\": {}}]"}}, {"model": "admin.logentry", "pk": 12, "fields": {"action_time": "2020-12-14T20:41:01.556Z", "user": 1, "content_type": 11, "object_id": "22", "object_repr": "Заказ № 22 на сумму 1200.00", "action_flag": 2, "change_message": "[{\"added\": {\"name\": \"product order position\", \"object\": \"ProductOrderPosition object (26)\"}}, {\"added\": {\"name\": \"product order position\", \"object\": \"ProductOrderPosition object (27)\"}}, {\"added\": {\"name\": \"product order position\", \"object\": \"ProductOrderPosition object (28)\"}}]"}}, {"model": "admin.logentry", "pk": 13, "fields": {"action_time": "2020-12-14T20:54:39.595Z", "user": 1, "content_type": 13, "object_id": "1", "object_repr": "Подборка1", "action_flag": 1, "change_message": "[{\"added\": {}}, {\"added\": {\"name\": \"product in collection\", \"object\": \"ProductInCollection object (1)\"}}, {\"added\": {\"name\": \"product in collection\", \"object\": \"ProductInCollection object (2)\"}}, {\"added\": {\"name\": \"product in collection\", \"object\": \"ProductInCollection object (3)\"}}]"}}, {"model": "admin.logentry", "pk": 14, "fields": {"action_time": "2020-12-16T16:38:00.852Z", "user": 1, "content_type": 10, "object_id": "13", "object_repr": "Отзыв от admin о Товар3", "action_flag": 2, "change_message": "[]"}}, {"model": "admin.logentry", "pk": 15, "fields": {"action_time": "2020-12-16T16:38:05.863Z", "user": 1, "content_type": 10, "object_id": "13", "object_repr": "Отзыв от admin о Товар3", "action_flag": 2, "change_message": "[{\"changed\": {\"fields\": [\"\\u041e\\u0446\\u0435\\u043d\\u043a\\u0430\"]}}]"}}, {"model": "admin.logentry", "pk": 16, "fields": {"action_time": "2020-12-16T16:38:32.239Z", "user": 1, "content_type": 10, "object_id": "20", "object_repr": "Отзыв от user123 о Товар1", "action_flag": 1, "change_message": "[{\"added\": {}}]"}}, {"model": "admin.logentry", "pk": 17, "fields": {"action_time": "2020-12-16T16:38:50.503Z", "user": 1, "content_type": 10, "object_id": "21", "object_repr": "Отзыв от user123 о Товар1", "action_flag": 1, "change_message": "[{\"added\": {}}]"}}, {"model": "admin.logentry", "pk": 18, "fields": {"action_time": "2020-12-16T16:46:09.212Z", "user": 1, "content_type": 10, "object_id": "22", "object_repr": "Отзыв от user123 о Товар1", "action_flag": 1, "change_message": "[{\"added\": {}}]"}}, {"model": "auth.permission", "pk": 1, "fields": {"name": "Can add log entry", "content_type": 1, "codename": "add_logentry"}}, {"model": "auth.permission", "pk": 2, "fields": {"name": "Can change log entry", "content_type": 1, "codename": "change_logentry"}}, {"model": "auth.permission", "pk": 3, "fields": {"name": "Can delete log entry", "content_type": 1, "codename": "delete_logentry"}}, {"model": "auth.permission", "pk": 4, "fields": {"name": "Can view log entry", "content_type": 1, "codename": "view_logentry"}}, {"model": "auth.permission", "pk": 5, "fields": {"name": "Can add permission", "content_type": 2, "codename": "add_permission"}}, {"model": "auth.permission", "pk": 6, "fields": {"name": "Can change permission", "content_type": 2, "codename": "change_permission"}}, {"model": "auth.permission", "pk": 7, "fields": {"name": "Can delete permission", "content_type": 2, "codename": "delete_permission"}}, {"model": "auth.permission", "pk": 8, "fields": {"name": "Can view permission", "content_type": 2, "codename": "view_permission"}}, {"model": "auth.permission", "pk": 9, "fields": {"name": "Can add group", "content_type": 3, "codename": "add_group"}}, {"model": "auth.permission", "pk": 10, "fields": {"name": "Can change group", "content_type": 3, "codename": "change_group"}}, {"model": "auth.permission", "pk": 11, "fields": {"name": "Can delete group", "content_type": 3, "codename": "delete_group"}}, {"model": "auth.permission", "pk": 12, "fields": {"name": "Can view group", "content_type": 3, "codename": "view_group"}}, {"model": "auth.permission", "pk": 13, "fields": {"name": "Can add user", "content_type": 4, "codename": "add_user"}}, {"model": "auth.permission", "pk": 14, "fields": {"name": "Can change user", "content_type": 4, "codename": "change_user"}}, {"model": "auth.permission", "pk": 15, "fields": {"name": "Can delete user", "content_type": 4, "codename": "delete_user"}}, {"model": "auth.permission", "pk": 16, "fields": {"name": "Can view user", "content_type": 4, "codename": "view_user"}}, {"model": "auth.permission", "pk": 17, "fields": {"name": "Can add content type", "content_type": 5, "codename": "add_contenttype"}}, {"model": "auth.permission", "pk": 18, "fields": {"name": "Can change content type", "content_type": 5, "codename": "change_contenttype"}}, {"model": "auth.permission", "pk": 19, "fields": {"name": "Can delete content type", "content_type": 5, "codename": "delete_contenttype"}}, {"model": "auth.permission", "pk": 20, "fields": {"name": "Can view content type", "content_type": 5, "codename": "view_contenttype"}}, {"model": "auth.permission", "pk": 21, "fields": {"name": "Can add session", "content_type": 6, "codename": "add_session"}}, {"model": "auth.permission", "pk": 22, "fields": {"name": "Can change session", "content_type": 6, "codename": "change_session"}}, {"model": "auth.permission", "pk": 23, "fields": {"name": "Can delete session", "content_type": 6, "codename": "delete_session"}}, {"model": "auth.permission", "pk": 24, "fields": {"name": "Can view session", "content_type": 6, "codename": "view_session"}}, {"model": "auth.permission", "pk": 25, "fields": {"name": "Can add Token", "content_type": 7, "codename": "add_token"}}, {"model": "auth.permission", "pk": 26, "fields": {"name": "Can change Token", "content_type": 7, "codename": "change_token"}}, {"model": "auth.permission", "pk": 27, "fields": {"name": "Can delete Token", "content_type": 7, "codename": "delete_token"}}, {"model": "auth.permission", "pk": 28, "fields": {"name": "Can view Token", "content_type": 7, "codename": "view_token"}}, {"model": "auth.permission", "pk": 29, "fields": {"name": "Can add token", "content_type": 8, "codename": "add_tokenproxy"}}, {"model": "auth.permission", "pk": 30, "fields": {"name": "Can change token", "content_type": 8, "codename": "change_tokenproxy"}}, {"model": "auth.permission", "pk": 31, "fields": {"name": "Can delete token", "content_type": 8, "codename": "delete_tokenproxy"}}, {"model": "auth.permission", "pk": 32, "fields": {"name": "Can view token", "content_type": 8, "codename": "view_tokenproxy"}}, {"model": "auth.permission", "pk": 33, "fields": {"name": "Can add Товар", "content_type": 9, "codename": "add_product"}}, {"model": "auth.permission", "pk": 34, "fields": {"name": "Can change Товар", "content_type": 9, "codename": "change_product"}}, {"model": "auth.permission", "pk": 35, "fields": {"name": "Can delete Товар", "content_type": 9, "codename": "delete_product"}}, {"model": "auth.permission", "pk": 36, "fields": {"name": "Can view Товар", "content_type": 9, "codename": "view_product"}}, {"model": "auth.permission", "pk": 37, "fields": {"name": "Can add Отзыв", "content_type": 10, "codename": "add_review"}}, {"model": "auth.permission", "pk": 38, "fields": {"name": "Can change Отзыв", "content_type": 10, "codename": "change_review"}}, {"model": "auth.permission", "pk": 39, "fields": {"name": "Can delete Отзыв", "content_type": 10, "codename": "delete_review"}}, {"model": "auth.permission", "pk": 40, "fields": {"name": "Can view Отзыв", "content_type": 10, "codename": "view_review"}}, {"model": "auth.permission", "pk": 41, "fields": {"name": "Can add Заказ", "content_type": 11, "codename": "add_order"}}, {"model": "auth.permission", "pk": 42, "fields": {"name": "Can change Заказ", "content_type": 11, "codename": "change_order"}}, {"model": "auth.permission", "pk": 43, "fields": {"name": "Can delete Заказ", "content_type": 11, "codename": "delete_order"}}, {"model": "auth.permission", "pk": 44, "fields": {"name": "Can view Заказ", "content_type": 11, "codename": "view_order"}}, {"model": "auth.permission", "pk": 45, "fields": {"name": "Can add product order position", "content_type": 12, "codename": "add_productorderposition"}}, {"model": "auth.permission", "pk": 46, "fields": {"name": "Can change product order position", "content_type": 12, "codename": "change_productorderposition"}}, {"model": "auth.permission", "pk": 47, "fields": {"name": "Can delete product order position", "content_type": 12, "codename": "delete_productorderposition"}}, {"model": "auth.permission", "pk": 48, "fields": {"name": "Can view product order position", "content_type": 12, "codename": "view_productorderposition"}}, {"model": "auth.permission", "pk": 49, "fields": {"name": "Can add Подборка", "content_type": 13, "codename": "add_collection"}}, {"model": "auth.permission", "pk": 50, "fields": {"name": "Can change Подборка", "content_type": 13, "codename": "change_collection"}}, {"model": "auth.permission", "pk": 51, "fields": {"name": "Can delete Подборка", "content_type": 13, "codename": "delete_collection"}}, {"model": "auth.permission", "pk": 52, "fields": {"name": "Can view Подборка", "content_type": 13, "codename": "view_collection"}}, {"model": "auth.permission", "pk": 53, "fields": {"name": "Can add product in collection", "content_type": 14, "codename": "add_productincollection"}}, {"model": "auth.permission", "pk": 54, "fields": {"name": "Can change product in collection", "content_type": 14, "codename": "change_productincollection"}}, {"model": "auth.permission", "pk": 55, "fields": {"name": "Can delete product in collection", "content_type": 14, "codename": "delete_productincollection"}}, {"model": "auth.permission", "pk": 56, "fields": {"name": "Can view product in collection", "content_type": 14, "codename": "view_productincollection"}}, {"model": "auth.user", "pk": 1, "fields": {"password": "pbkdf2_sha256$216000$IlRasG9AlpFW$2Oiw95X3lsvBsCaakAxj3xjUhIILdw3wFovBjbC7M6I=", "last_login": "2020-12-14T20:32:44.038Z", "is_superuser": true, "username": "admin", "first_name": "", "last_name": "", "email": "admin@mail.ru", "is_staff": true, "is_active": true, "date_joined": "2020-11-30T21:03:42.800Z", "groups": [], "user_permissions": []}}, {"model": "auth.user", "pk": 2, "fields": {"password": "pbkdf2_sha256$216000$KSqtgcuyQpoL$y8Wje8DHD0ZFH7XMzJYkbdsSBfPA21clmZ6UCDIjayI=", "last_login": null, "is_superuser": false, "username": "user123", "first_name": "", "last_name": "", "email": "", "is_staff": false, "is_active": true, "date_joined": "2020-12-09T09:38:26.461Z", "groups": [], "user_permissions": []}}, {"model": "auth.user", "pk": 3, "fields": {"password": "pbkdf2_sha256$216000$DHep3TegdSHI$mQTNEn5OZxt/K1jchrp8mONrz7ga/JOok/WVid9+nvE=", "last_login": null, "is_superuser": false, "username": "admin777", "first_name": "", "last_name": "", "email": "", "is_staff": false, "is_active": true, "date_joined": "2020-12-14T20:26:46Z", "groups": [], "user_permissions": []}}, {"model": "contenttypes.contenttype", "pk": 1, "fields": {"app_label": "admin", "model": "logentry"}}, {"model": "contenttypes.contenttype", "pk": 2, "fields": {"app_label": "auth", "model": "permission"}}, {"model": "contenttypes.contenttype", "pk": 3, "fields": {"app_label": "auth", "model": "group"}}, {"model": "contenttypes.contenttype", "pk": 4, "fields": {"app_label": "auth", "model": "user"}}, {"model": "contenttypes.contenttype", "pk": 5, "fields": {"app_label": "contenttypes", "model": "contenttype"}}, {"model": "contenttypes.contenttype", "pk": 6, "fields": {"app_label": "sessions", "model": "session"}}, {"model": "contenttypes.contenttype", "pk": 7, "fields": {"app_label": "authtoken", "model": "token"}}, {"model": "contenttypes.contenttype", "pk": 8, "fields": {"app_label": "authtoken", "model": "tokenproxy"}}, {"model": "contenttypes.contenttype", "pk": 9, "fields": {"app_label": "product", "model": "product"}}, {"model": "contenttypes.contenttype", "pk": 10, "fields": {"app_label": "review", "model": "review"}}, {"model": "contenttypes.contenttype", "pk": 11, "fields": {"app_label": "order", "model": "order"}}, {"model": "contenttypes.contenttype", "pk": 12, "fields": {"app_label": "order", "model": "productorderposition"}}, {"model": "contenttypes.contenttype", "pk": 13, "fields": {"app_label": "collection", "model": "collection"}}, {"model": "contenttypes.contenttype", "pk": 14, "fields": {"app_label": "collection", "model": "productincollection"}}, {"model": "sessions.session", "pk": "l9eqeoyliwqkx53imhd5x8vza9srlkeu", "fields": {"session_data": ".eJxVjEEOwiAQRe_C2hDQzAAu3XsGMsyAVA0kpV013t006UK3_733NxVpXWpcR57jJOqqrDr9bon4ldsO5Ent0TX3tsxT0ruiDzr0vUt-3w7376DSqHtNXpBDAMxInosYNGBd8ZwAyJWSfTpjcFhMKoAmOXEXBgMk1gRk9fkC_WM4Sw:1kouWS:LFdPNmvhWhPplIKqVLQdrXmASbFzXamGK-StlAOXRfg", "expire_date": "2020-12-28T20:32:44.040Z"}}, {"model": "authtoken.token", "pk": "522f41ec2ba850fa307cf70d2b9cb88294657f5e", "fields": {"user": 3, "created": "2020-12-14T20:28:24.728Z"}}, {"model": "authtoken.token", "pk": "5b40c0c0b6414fe0be250d5416294177dbf2b32f", "fields": {"user": 1, "created": "2020-11-30T21:08:03.473Z"}}, {"model": "authtoken.token", "pk": "e69681c58dd6b1364df56699297e80cbf77a3700", "fields": {"user": 2, "created": "2020-12-09T09:38:46.804Z"}}, {"model": "product.product", "pk": 2, "fields": {"name": "Товар 2", "description": "синий", "price": "3500.00", "created_at": "2020-12-01T07:43:04.111Z", "updated_at": "2020-12-01T07:43:04.111Z"}}, {"model": "product.product", "pk": 3, "fields": {"name": "Товар3", "description": "синий", "price": "3500.00", "created_at": "2020-12-01T07:47:09.890Z", "updated_at": "2020-12-01T07:47:09.890Z"}}, {"model": "product.product", "pk": 4, "fields": {"name": "Товар1", "description": "Продукты", "price": "100.00", "created_at": "2020-12-14T11:17:37.875Z", "updated_at": "2020-12-14T11:17:37.875Z"}}, {"model": "product.product", "pk": 5, "fields": {"name": "Товар7", "description": "синий", "price": "3500.00", "created_at": "2020-12-17T22:29:01.308Z", "updated_at": "2020-12-17T22:29:01.308Z"}}, {"model": "review.review", "pk": 13, "fields": {"author_id": 1, "product_id": 3, "rating": 2, "text": "Норм", "created_at": "2020-12-02T08:54:08.330Z", "updated_at": "2020-12-16T16:38:05.862Z"}}, {"model": "review.review", "pk": 15, "fields": {"author_id": 1, "product_id": 2, "rating": 5, "text": "Хорошо", "created_at": "2020-12-02T09:40:31.132Z", "updated_at": "2020-12-02T09:40:31.132Z"}}, {"model": "review.review", "pk": 19, "fields": {"author_id": 1, "product_id": 3, "rating": 5, "text": "Отлично", "created_at": "2020-12-02T10:33:55.026Z", "updated_at": "2020-12-02T10:33:55.026Z"}}, {"model": "review.review", "pk": 20, "fields": {"author_id": 2, "product_id": 4, "rating": 2, "text": "r", "created_at": "2020-12-16T16:38:32.237Z", "updated_at": "2020-12-16T16:38:32.237Z"}}, {"model": "review.review", "pk": 21, "fields": {"author_id": 2, "product_id": 4, "rating": 5, "text": "e", "created_at": "2020-12-16T16:38:50.502Z", "updated_at": "2020-12-16T16:38:50.502Z"}}, {"model": "review.review", "pk": 22, "fields": {"author_id": 2, "product_id": 4, "rating": 4, "text": ";", "created_at": "2020-12-16T16:46:09.210Z", "updated_at": "2020-12-16T16:46:09.210Z"}}, {"model": "review.review", "pk": 23, "fields": {"author_id": 2, "product_id": 2, "rating": 5, "text": "Хорошо", "created_at": "2020-12-16T21:26:04.854Z", "updated_at": "2020-12-16T21:26:04.854Z"}}, {"model": "order.productorderposition", "pk": 1, "fields": {"product": 2, "order": 5, "quantity": 1}}, {"model": "order.productorderposition", "pk": 2, "fields": {"product": 2, "order": 6, "quantity": 1}}, {"model": "order.productorderposition", "pk": 3, "fields": {"product": 3, "order": 6, "quantity": 5}}, {"model": "order.productorderposition", "pk": 4, "fields": {"product": 2, "order": 7, "quantity": 1}}, {"model": "order.productorderposition", "pk": 5, "fields": {"product": 3, "order": 7, "quantity": 5}}, {"model": "order.productorderposition", "pk": 6, "fields": {"product": 2, "order": 8, "quantity": 1}}, {"model": "order.productorderposition", "pk": 7, "fields": {"product": 3, "order": 8, "quantity": 5}}, {"model": "order.productorderposition", "pk": 8, "fields": {"product": 2, "order": 9, "quantity": 1}}, {"model": "order.productorderposition", "pk": 9, "fields": {"product": 3, "order": 9, "quantity": 5}}, {"model": "order.productorderposition", "pk": 10, "fields": {"product": 2, "order": 10, "quantity": 8}}, {"model": "order.productorderposition", "pk": 11, "fields": {"product": 3, "order": 10, "quantity": 7}}, {"model": "order.productorderposition", "pk": 12, "fields": {"product": 2, "order": 13, "quantity": 8}}, {"model": "order.productorderposition", "pk": 13, "fields": {"product": 3, "order": 13, "quantity": 7}}, {"model": "order.productorderposition", "pk": 14, "fields": {"product": 2, "order": 16, "quantity": 8}}, {"model": "order.productorderposition", "pk": 15, "fields": {"product": 3, "order": 16, "quantity": 7}}, {"model": "order.productorderposition", "pk": 16, "fields": {"product": 2, "order": 17, "quantity": 8}}, {"model": "order.productorderposition", "pk": 17, "fields": {"product": 3, "order": 17, "quantity": 7}}, {"model": "order.productorderposition", "pk": 18, "fields": {"product": 2, "order": 18, "quantity": 8}}, {"model": "order.productorderposition", "pk": 19, "fields": {"product": 3, "order": 18, "quantity": 7}}, {"model": "order.productorderposition", "pk": 20, "fields": {"product": 2, "order": 19, "quantity": 8}}, {"model": "order.productorderposition", "pk": 21, "fields": {"product": 3, "order": 19, "quantity": 7}}, {"model": "order.productorderposition", "pk": 22, "fields": {"product": 2, "order": 20, "quantity": 8}}, {"model": "order.productorderposition", "pk": 23, "fields": {"product": 3, "order": 20, "quantity": 7}}, {"model": "order.productorderposition", "pk": 24, "fields": {"product": 2, "order": 21, "quantity": 8}}, {"model": "order.productorderposition", "pk": 25, "fields": {"product": 3, "order": 21, "quantity": 7}}, {"model": "order.productorderposition", "pk": 26, "fields": {"product": 2, "order": 22, "quantity": 2}}, {"model": "order.productorderposition", "pk": 27, "fields": {"product": 3, "order": 22, "quantity": 2}}, {"model": "order.productorderposition", "pk": 28, "fields": {"product": 2, "order": 22, "quantity": 4}}, {"model": "order.productorderposition", "pk": 29, "fields": {"product": 2, "order": 23, "quantity": 8}}, {"model": "order.productorderposition", "pk": 30, "fields": {"product": 3, "order": 23, "quantity": 7}}, {"model": "order.productorderposition", "pk": 31, "fields": {"product": 2, "order": 24, "quantity": 8}}, {"model": "order.productorderposition", "pk": 32, "fields": {"product": 3, "order": 24, "quantity": 7}}, {"model": "order.productorderposition", "pk": 33, "fields": {"product": 2, "order": 25, "quantity": 8}}, {"model": "order.productorderposition", "pk": 34, "fields": {"product": 3, "order": 25, "quantity": 7}}, {"model": "order.productorderposition", "pk": 35, "fields": {"product": 2, "order": 26, "quantity": 8}}, {"model": "order.productorderposition", "pk": 36, "fields": {"product": 3, "order": 26, "quantity": 7}}, {"model": "order.productorderposition", "pk": 37, "fields": {"product": 2, "order": 27, "quantity": 8}}, {"model": "order.productorderposition", "pk": 38, "fields": {"product": 3, "order": 27, "quantity": 7}}, {"model": "order.productorderposition", "pk": 39, "fields": {"product": 2, "order": 28, "quantity": 8}}, {"model": "order.productorderposition", "pk": 40, "fields": {"product": 3, "order": 28, "quantity": 7}}, {"model": "order.productorderposition", "pk": 41, "fields": {"product": 2, "order": 29, "quantity": 8}}, {"model": "order.productorderposition", "pk": 42, "fields": {"product": 3, "order": 29, "quantity": 7}}, {"model": "order.order", "pk": 1, "fields": {"client": 1, "status": "NEW", "order_amount": "3000.00", "created_at": "2020-12-10T21:07:09.449Z", "updated_at": "2020-12-10T21:07:09.449Z"}}, {"model": "order.order", "pk": 2, "fields": {"client": 1, "status": "NEW", "order_amount": "3000.00", "created_at": "2020-12-10T21:07:56.252Z", "updated_at": "2020-12-10T21:07:56.252Z"}}, {"model": "order.order", "pk": 3, "fields": {"client": 1, "status": "NEW", "order_amount": "3000.00", "created_at": "2020-12-10T21:12:17.510Z", "updated_at": "2020-12-10T21:12:17.511Z"}}, {"model": "order.order", "pk": 5, "fields": {"client": 1, "status": "IN_PROGRESS", "order_amount": "3000.00", "created_at": "2020-12-11T10:36:15.148Z", "updated_at": "2020-12-13T19:25:35.458Z"}}, {"model": "order.order", "pk": 6, "fields": {"client": 1, "status": "NEW", "order_amount": "3000.00", "created_at": "2020-12-11T10:37:20.008Z", "updated_at": "2020-12-11T10:37:20.008Z"}}, {"model": "order.order", "pk": 7, "fields": {"client": 1, "status": "NEW", "order_amount": "3000.00", "created_at": "2020-12-11T10:37:40.431Z", "updated_at": "2020-12-11T10:37:40.431Z"}}, {"model": "order.order", "pk": 8, "fields": {"client": 1, "status": "NEW", "order_amount": "3000.00", "created_at": "2020-12-11T10:39:14.051Z", "updated_at": "2020-12-11T10:39:14.051Z"}}, {"model": "order.order", "pk": 9, "fields": {"client": 1, "status": "NEW", "order_amount": "3000.00", "created_at": "2020-12-11T10:39:19.922Z", "updated_at": "2020-12-11T10:39:19.922Z"}}, {"model": "order.order", "pk": 10, "fields": {"client": 1, "status": "NEW", "order_amount": "1000.00", "created_at": "2020-12-11T10:43:19.096Z", "updated_at": "2020-12-11T10:43:19.096Z"}}, {"model": "order.order", "pk": 11, "fields": {"client": 1, "status": "NEW", "order_amount": "1000.00", "created_at": "2020-12-11T11:04:12.335Z", "updated_at": "2020-12-11T11:04:12.335Z"}}, {"model": "order.order", "pk": 12, "fields": {"client": 1, "status": "NEW", "order_amount": "1000.00", "created_at": "2020-12-11T11:22:25.962Z", "updated_at": "2020-12-11T11:22:25.962Z"}}, {"model": "order.order", "pk": 13, "fields": {"client": 1, "status": "NEW", "order_amount": "1000.00", "created_at": "2020-12-11T11:25:02.037Z", "updated_at": "2020-12-11T11:25:02.037Z"}}, {"model": "order.order", "pk": 14, "fields": {"client": 1, "status": "NEW", "order_amount": "1000.00", "created_at": "2020-12-11T11:25:20.119Z", "updated_at": "2020-12-11T11:25:20.119Z"}}, {"model": "order.order", "pk": 16, "fields": {"client": 1, "status": "NEW", "order_amount": "1000.00", "created_at": "2020-12-11T11:27:08.599Z", "updated_at": "2020-12-11T11:27:08.599Z"}}, {"model": "order.order", "pk": 17, "fields": {"client": 1, "status": "NEW", "order_amount": "52500.00", "created_at": "2020-12-13T18:05:22.645Z", "updated_at": "2020-12-13T18:05:22.645Z"}}, {"model": "order.order", "pk": 18, "fields": {"client": 2, "status": "NEW", "order_amount": "52500.00", "created_at": "2020-12-13T18:19:23.414Z", "updated_at": "2020-12-13T18:19:23.414Z"}}, {"model": "order.order", "pk": 19, "fields": {"client": 2, "status": "NEW", "order_amount": "52500.00", "created_at": "2020-12-13T18:31:33.034Z", "updated_at": "2020-12-13T18:31:33.034Z"}}, {"model": "order.order", "pk": 20, "fields": {"client": 2, "status": "NEW", "order_amount": "52500.00", "created_at": "2020-12-13T22:38:46.804Z", "updated_at": "2020-12-13T22:38:46.804Z"}}, {"model": "order.order", "pk": 21, "fields": {"client": 1, "status": "DONE", "order_amount": "52500.00", "created_at": "2020-12-14T11:14:04.638Z", "updated_at": "2020-12-14T12:06:22.594Z"}}, {"model": "order.order", "pk": 22, "fields": {"client": 3, "status": "NEW", "order_amount": "1200.00", "created_at": "2020-12-14T20:34:23.458Z", "updated_at": "2020-12-14T20:41:01.553Z"}}, {"model": "order.order", "pk": 23, "fields": {"client": 1, "status": "NEW", "order_amount": "52500.00", "created_at": "2020-12-17T17:27:44.190Z", "updated_at": "2020-12-17T17:27:44.190Z"}}, {"model": "order.order", "pk": 24, "fields": {"client": 1, "status": "NEW", "order_amount": "52500.00", "created_at": "2020-12-17T17:30:52.187Z", "updated_at": "2020-12-17T17:30:52.187Z"}}, {"model": "order.order", "pk": 25, "fields": {"client": 1, "status": "NEW", "order_amount": "52500.00", "created_at": "2020-12-17T20:10:38.377Z", "updated_at": "2020-12-17T20:10:38.377Z"}}, {"model": "order.order", "pk": 26, "fields": {"client": 1, "status": "NEW", "order_amount": "52500.00", "created_at": "2020-12-17T20:10:41.249Z", "updated_at": "2020-12-17T20:10:41.249Z"}}, {"model": "order.order", "pk": 27, "fields": {"client": 1, "status": "NEW", "order_amount": "52500.00", "created_at": "2020-12-17T20:10:42.158Z", "updated_at": "2020-12-17T20:10:42.158Z"}}, {"model": "order.order", "pk": 28, "fields": {"client": 1, "status": "IN_PROGRESS", "order_amount": "52500.00", "created_at": "2020-12-17T20:41:32.327Z", "updated_at": "2020-12-17T20:45:19.195Z"}}, {"model": "order.order", "pk": 29, "fields": {"client": 2, "status": "NEW", "order_amount": "52500.00", "created_at": "2020-12-17T21:44:12.406Z", "updated_at": "2020-12-17T21:44:12.406Z"}}, {"model": "collection.productincollection", "pk": 1, "fields": {"product": 3, "collection": 1}}, {"model": "collection.productincollection", "pk": 2, "fields": {"product": 2, "collection": 1}}, {"model": "collection.productincollection", "pk": 3, "fields": {"product": 4, "collection": 1}}, {"model": "collection.productincollection", "pk": 4, "fields": {"product": 3, "collection": 4}}, {"model": "collection.productincollection", "pk": 5, "fields": {"product": 2, "collection": 4}}, {"model": "collection.productincollection", "pk": 6, "fields": {"product": 4, "collection": 4}}, {"model": "collection.productincollection", "pk": 7, "fields": {"product": 3, "collection": 5}}, {"model": "collection.productincollection", "pk": 8, "fields": {"product": 2, "collection": 5}}, {"model": "collection.productincollection", "pk": 9, "fields": {"product": 3, "collection": 6}}, {"model": "collection.productincollection", "pk": 10, "fields": {"product": 2, "collection": 6}}, {"model": "collection.productincollection", "pk": 11, "fields": {"product": 3, "collection": 7}}, {"model": "collection.productincollection", "pk": 12, "fields": {"product": 2, "collection": 7}}, {"model": "collection.productincollection", "pk": 13, "fields": {"product": 3, "collection": 8}}, {"model": "collection.productincollection", "pk": 14, "fields": {"product": 2, "collection": 8}}, {"model": "collection.collection", "pk": 1, "fields": {"title": "Подборка1", "text": "Продукты", "created_at": "2020-12-14T20:54:39.590Z", "updated_at": "2020-12-14T20:54:39.590Z"}}, {"model": "collection.collection", "pk": 2, "fields": {"title": "Подборка2", "text": "На любой вкус", "created_at": "2020-12-14T20:59:45.425Z", "updated_at": "2020-12-14T20:59:45.425Z"}}, {"model": "collection.collection", "pk": 3, "fields": {"title": "Подборка2", "text": "На любой вкус", "created_at": "2020-12-14T21:00:23.402Z", "updated_at": "2020-12-14T21:00:23.402Z"}}, {"model": "collection.collection", "pk": 4, "fields": {"title": "Подборка2", "text": "На любой вкус", "created_at": "2020-12-14T21:02:16.073Z", "updated_at": "2020-12-14T21:02:16.073Z"}}, {"model": "collection.collection", "pk": 5, "fields": {"title": "Подборка2", "text": "На любой вкус", "created_at": "2020-12-14T21:02:58.077Z", "updated_at": "2020-12-14T21:02:58.077Z"}}, {"model": "collection.collection", "pk": 6, "fields": {"title": "Подборка2", "text": "На любой вкус", "created_at": "2020-12-14T21:03:59.812Z", "updated_at": "2020-12-14T21:03:59.812Z"}}, {"model": "collection.collection", "pk": 7, "fields": {"title": "Подборка2", "text": "На любой вкус", "created_at": "2020-12-17T22:05:25.642Z", "updated_at": "2020-12-17T22:05:25.642Z"}}, {"model": "collection.collection", "pk": 8, "fields": {"title": "Подборка2", "text": "На любой вкус", "created_at": "2020-12-17T22:06:19.180Z", "updated_at": "2020-12-17T22:06:19.180Z"}}]